applicant_id,user_id,user_company_id,company_id,applied_at,approved_at,is_approved,is_rejected,is_deactivated,is_road_ready,shipping_street_address,shipping_street_address2,shipping_city,shipping_state,shipping_zip,dl_first_name,dl_middle_name,dl_last_name,dob,email,facebook_uid,first_name,last_name,is_duplicate,gender,is_initial_application,mobile_platform,phone,region_home,region_approved,is_pro,is_open_lead,is_marketing_coordinator,is_event_coordinator,is_content_specialist,is_lfg,is_beta,is_online_community_specialist,rental_interest,tracking_id,placement,google_click_location,google_interest_location,google_device,facebook_adname,instagram_adname,google_click_id,var1,var2,var3,advertise_city,robocop_key,page,x_forwarded_for,referred_at,referring_company_id,referral_coupon,referral_code,referrer_amount,referree_amount,referral_required_rides,referral_tiers,referral_days_until_expiration,incentive_id,active_vehicle_company_id,ds
9053640481161914,4989925099526755,7869480369062726,6301148484934829,2013-05-02 05:51:33.000,,False,False,False,False,413 Courtney Cape,1704 Ashley Overpass Apt. 347,,,,Jessica,Mitchell,Montgomery,1972-12-21 00:00:00.000,sheliareynolds@test.com,1524663732.0,David,Ford,False,,,ios,+178662031,PDX,PDX,,False,,,,,,,,4847732252421985,,,,,,,9316670818817387,,,,,,,,,3054450787521885,,,,,,,,9759295603702455,5186965983198290,2024-08-21
8401459155906865,3571101719406222,1510007126083294,5289677090238937,2013-05-08 22:09:15.000,,False,False,False,False,391 Rodriguez Wells,3215 Michael Underpass,,,,Robin,Henderson,Davis,,garciamelissa@example.com,1476562663.0,Brandon,Griffin,False,,,ios,+556187858,,,,False,,,,,,,,7447367563091677,,,,,,,1306350938238789,,,,,,,,,1001708149006061,,,,,,,,5037006579773630,9326751753662380,2024-08-21
3926707224007132,2425451532767999,3369770794384673,4791001302660446,2013-05-12 21:56:18.000,,False,False,False,False,73779 Hayes Place,957 Sharon Greens,,,,Christopher,Combs,Morton,,edwarddean@example.com,11700569.0,Andrea,May,False,,,ios,+149126939,SFO,SFO,,False,,,,,,,,4029077517090684,,,,,,,3414539254264891,,,,,,,,,1445389008299092,,,,,,,,3476384380852928,2677581737583585,2024-08-21
6664078171967593,4592343877859615,4524685972037052,8520951015887533,2013-05-15 00:39:57.000,,False,False,False,False,6780 Jeffrey Lane,309 Gutierrez Corner Suite 776,Kansas City,MO,64153.0,Michael,Hill,Arnold,1980-11-23 00:00:00.000,bray@test.com,100001368991257.0,Jessica,Robinson,False,male,,android,+440301704,DCA,DCA,,False,,,,,,,,3024678858923482,,,,,,,3900913971398373,,,,,,,,,6984927389633172,,,,,,,,8788607151601286,6567387477391972,2024-08-21
1676730015308612,7431172917073505,4037419666782897,3491460049137004,2013-05-17 16:15:10.000,,False,False,False,False,9308 Rebecca Cape,6721 Daniel Roads,,,,Curtis,Taylor,Martin,,andreastein@mail.com,100001437936553.0,Angela,King,False,,,android,+484707494,LAX,LAX,,False,,,,,,,,1201129096055888,,,,,,,4077152817828758,,,,,,,,,2956607175455322,,,,,,,,5244254424488785,3648032011533873,2024-08-21
7783955787035251,6574915324575245,6471406067154455,1418828333120257,2013-05-19 18:30:36.000,,False,False,False,False,5824 James Meadows Suite 883,85312 Moreno Junctions Suite 871,,,,Scott,Higgins,Davis,,alexanderblackburn@example.com,505202459.0,Beth,Thomas,False,,,ios,+906210105,SFO,SFO,,False,,,,,,,,9140643147497570,,,,,,,3251721831454012,,,,,,,,,5952700800190104,,,,,,,,1762591535551287,6891624846621048,2024-08-21
7744961902135349,6777871166852477,9225268471733483,5249682306658438,2013-05-20 13:40:38.000,,False,False,False,False,3022 Barbara Skyway Suite 611,74116 Sanchez Courts Apt. 448,,,,Kenneth,Hardy,Frost,,edgarlawrence@mail.com,522030082.0,Cheryl,Campbell,False,female,,ios,+855214213,SEA,SEA,,False,,,,,,,,2022171074470015,,,,,,,5444878808009679,,,,,,,,,5841006434486322,,,,,,,,8475692702525947,9838286658072236,2024-08-21
1872093915198491,1290179625990127,2356826332750671,3229019156618193,2013-05-21 06:12:18.000,,,False,False,False,4727 Weeks Port,4618 Olsen Creek,,,,John,Atkinson,Lane,,greenbrian@mail.com,,Eric,Christensen,False,,,ios,+405514099,SEA,SEA,,True,,,,,,,,5034771008581807,,,,,,,2431229550962239,,,,,,,,,9473141818719300,,,,,,,,6860632623996002,1813992531033077,2024-08-21
1128562419904897,5462746709998695,7731113407594642,7932125986167482,2013-05-22 17:44:13.000,,False,False,False,False,67069 Brandi Springs,96923 Diane Parkway Suite 302,,,,Caroline,Hobbs,Estrada,,sacevedo@mail.com,100001429370947.0,Joshua,Macdonald,False,,,ios,+570885667,LAX,LAX,,False,,,,,,,,5491209878490900,,,,,,,7996995848238620,,,,,,,,,9675601326557183,,,,,,,,6367699691451093,8438133385382729,2024-08-21
5768902323288645,9384670382464436,2560828099973979,6783325857216408,2013-05-23 18:41:22.000,,False,False,False,False,14937 Justin Knolls Suite 737,49574 Price Knoll,,,,Amy,Lee,Cole,,angela86@example.com,1058220018.0,Stephanie,Hicks,False,,,android,+302637130,LAX,LAX,,False,,,,,,,,5796495375637917,,,,,,,4351756359862539,,,,,,,,,1932663784501642,,,,,,,,6152516622230197,8706332757827918,2024-08-21
5254200088796494,7786246671094846,9609487900463597,9169565902004827,2013-05-28 18:59:56.000,,False,False,False,False,1976 Tara Estate,8568 Watson Mill,,,,Michelle,Schmidt,Anderson,,villarreallori@demo.com,1399413504.0,Kendra,Clark,False,,,ios,+216341101,CHI,CHI,,False,,,,,,,,6747754495762034,,,,,,,3387319124701478,,,,,,,,,9793644696818982,,,,,,,,8702281521829886,7818305151630891,2024-08-21
7432516410694274,8718629750196861,1745431115363210,1197098219580709,2013-05-30 23:44:41.000,,False,False,False,False,8753 Taylor Squares,53105 Carla Place,,,,Derek,Hess,Lopez,,hansengreg@example.com,503525899.0,Joel,Wilkins,False,,,ios,+884793850,LAX,LAX,,False,,,,,,,,6176382735349890,,,,,,,5019664383270954,,,,,,,,,3711811430041050,,,,,,,,4484261695599448,5227200625718751,2024-08-21
5750151865806897,4430036800878406,8168356603015939,7102142279235471,2013-06-02 03:27:43.000,,,False,False,False,7254 Brooks Summit Apt. 081,8286 Turner Mission Apt. 669,,,,Troy,Reed,Lopez,,randyhurley@mail.com,,Jeremy,Forbes,False,male,,android,+633072190,SAN,SAN,,False,,,,,,,,1005155335737932,,,,,,,9354574141335510,,,,,,,,,4315291109362272,,,,,,,,6470713693255077,7219611988787778,2024-08-21
9585774297125001,7609015643871375,6240003112009546,2501351612563881,2013-06-04 19:41:49.000,,False,False,False,False,471 Turner Street,5888 Mcmahon Radial,,,,Lisa,Duran,Jordan,,pkhan@mail.com,100002474777738.0,Randy,Parker,False,,,ios,+584403352,LAX,LAX,,False,,,,,,,,9892696898600302,,,,,,,8821221738861219,,,,,,,,,6474936944191668,,,,,,,,2027255640547879,6345588491414914,2024-08-21
9877468118730026,4788081790375636,7202241941975550,8968866540228215,2013-06-04 21:59:58.000,,False,False,False,False,1608 Sean Groves,90363 Wagner Station Suite 752,,,,Melanie,Mooney,Hughes,,wallmartin@example.com,100001911888785.0,Samuel,Ryan,False,,,ios,+227490354,LAX,LAX,,False,,,,,,,,7398196997184363,,,,,,,8838388762795634,,,,,,,,,9583345804606033,,,,,,,,4853615741968923,9162366657929981,2024-08-21
5105421492027448,9565365329274621,7424884246402137,5197769768381352,2013-06-06 00:19:59.000,,False,False,False,False,40252 Kirk Parks,1484 Lang Plaza Apt. 789,,,,Ethan,Johnson,Strong,1989-01-30 00:00:00.000,acantrell@mail.com,1145160184.0,Maurice,Garrison,False,,,ios,+634175493,CHI,CHI,,False,,,,,,,,8601758800445299,,,,,,,9402339873244897,,,,,,,,,7713304539633309,,,,,,,,9926556662634232,1415156516484666,2024-08-21
8232707884698483,2328853641110462,7321951967605421,3593735340984482,2013-06-07 05:21:04.000,,False,False,False,False,1985 Emily Pines Suite 994,292 Mary Hill,SAN DIEGO,CA,92120.0,Jessica,Chapman,Hill,1981-03-23 00:00:00.000,brownshelby@demo.com,,Anthony,Black,False,female,,android,+394249375,SAN,SAN,,False,,,,,,,,6414969569572537,mobileapp::1-588358613,,,,,,7727355615301839,,,,,,,10.0.6.17,,4274566873375535,,,,,,,,2002539584674066,5019345334913861,2024-08-21
8274957040598743,5706384611537632,2436146353022305,9387675507280806,2013-06-11 14:55:21.000,2013-10-01 16:06:19.000,True,False,True,False,39321 Joshua Station Suite 381,2304 Reynolds Terrace,Chicago,IL,60640.0,Travis,Smith,Johnson,1985-10-19 00:00:00.000,ejames@demo.com,62800746.0,Diana,Donaldson,False,male,,ios,+481825675,CHI,CHI,,False,,,,,,,,1007849138312906,,,,,,,2148123726710407,,,,,,,,,3960466102089910,,,,,,,,7213629562949284,9101162685141510,2024-08-21
6627206804417541,5615746567432192,5928395773412630,7134899958961852,2013-06-13 22:20:02.000,,,False,False,False,88058 Carter Walks Apt. 259,6914 Morgan Brooks,,,,Daniel,Foster,Johnson,,kevin84@mail.com,,Duane,Cook,False,male,,ios,+812390631,SAN,SAN,,False,,,,,,,,3767034099411205,,,,,,,2135336781859903,,,,,,,,,3244787397127731,,,,,,,,4476772377172905,9473248017423440,2024-08-21
6268863845220628,8262385983250446,5916069214562793,9841237877238572,2013-06-15 20:05:07.000,,False,False,False,False,6525 Pollard Courts Suite 061,41161 John Pass,,,,Kevin,Daniel,Hicks,,mark85@test.com,,Patricia,Adams,False,,,ios,+764845048,LAX,LAX,,False,,,,,,,,6846700038197770,,,,,,,5144874450646300,,,,,,,,,9564892671261948,,,,,,,,5815467048028312,5739782820631918,2024-08-21
1614769039057948,8519585785381781,6588693344252109,4079586470937137,2013-06-24 20:43:20.000,,,False,False,False,2886 Rose Groves Apt. 789,1629 Manuel Junction Suite 131,,,,Joel,Dodson,Everett,,ericstark@mail.com,,Sarah,Wilson,False,,,android,+913616584,AUS,AUS,,True,,,,,,,,7680875328232187,,,,,,,4276244031231776,,,,,,,,,8903040139002170,,,,,,,,8169553447550344,4063755920762701,2024-08-21
9321920284497435,9312695940335307,5162059716850448,4799277902582597,2013-06-25 01:45:14.000,2013-06-13 23:19:49.000,True,False,True,False,62180 Corey Station Apt. 874,57872 Erin Spring Suite 024,,,,John,Proctor,Myers,1986-04-18 00:00:00.000,brianhogan@test.com,2418721.0,Sandra,Li,False,male,,ios,+528409726,SFO,SFO,,False,,,,,,,,9709964588725264,,,,,,,8581056308260868,,,,,,,,,1418078353085603,,,,,,,,5076301914745311,9827411198448276,2024-08-21
9832622713556022,1572595540133646,2959362091918988,7261160075030944,2013-06-28 17:40:01.000,,False,False,False,False,673 Bradley Motorway,55391 Holmes Lights,,,,Kenneth,Odom,Hoover,,anthonyreeves@test.com,202294.0,George,Hunt,False,,,android,+198472371,SFO,SFO,,False,,,,,,,,3204513144868126,,,,,,,9424801545827764,,,,,,,,,5366845079013135,,,,,,,,5904184681925976,6031476397869369,2024-08-21
7232885221354766,8354998049725899,6436650645391458,8295760233871480,2013-07-01 22:25:51.000,2017-07-12 01:39:41.000,True,False,True,False,799 Cooley Turnpike Suite 935,6712 Kim Isle Apt. 173,ANAHEIM,CA,92805.0,Michelle,Williams,Rose,1989-01-09 00:00:00.000,kcolon@mail.com,1435059765.0,Alex,Stewart,False,female,,android,+460371766,OCX,LAX,,False,,,,,,,,9709027822266288,,,,,,,9406609257175076,,,,,,,,,4672160734347538,,,,,,,,7650548112774555,5647688360231912,2024-08-21
1082389410076440,9061717495150793,6386754670676140,7132367006777386,2013-07-02 00:03:16.000,2013-02-22 18:22:02.000,True,False,True,False,602 Montes Unions Apt. 282,50754 Heather Wall Apt. 666,San Jose,CA,95117.0,Alicia,Villarreal,Morgan,1955-07-27 00:00:00.000,mgardner@test.com,787836107.0,Michael,Meza,False,male,,android,+209134930,SFO,SFO,,False,,,,,,,,9576939068846727,,,,,,,4415828222652785,,,,,,,,,1203008827556157,,,,,,,,9078884399212882,7335540224882005,2024-08-21
6392192166024922,2605213327393645,4871700961554569,9481730710610069,2013-07-02 11:59:28.000,,,False,False,False,33513 Omar Dale,0557 Wells Street Suite 299,,,,Dawn,Murray,Davis,,burnsmiranda@mail.com,,Adam,Diaz,False,male,,android,+827145995,ATL,ATL,,True,,,,,,,,9986701116608667,,,,,,,7270529445626860,,,,,,,,,8024956530957506,,,,,,,,4627895363247006,6373245720202002,2024-08-21
5839956005180649,6212956683030415,1820006259833002,9836887764385354,2013-07-02 20:58:40.000,,False,False,False,False,401 Lauren Hill,813 Wright Ports,,,,Thomas,Pace,Santos,1974-12-24 00:00:00.000,tammy17@mail.com,783630808.0,Christine,Fitzgerald,False,male,,ios,+333591595,LAX,LAX,,False,,,,,,,,6904364950646368,,,,,,,3729097313179365,,,,,,,,,7723581503883127,,,,,,,,6557529804294019,1347207289566256,2024-08-21
8197100302573324,5340114297407978,7768129154377415,7037596472288211,2013-07-05 21:39:34.000,,False,False,False,False,9688 Tara Point Apt. 344,470 Morales Crossroad,,,,Jessica,Fletcher,Dickson,,eellis@test.com,1461602664.0,Gregory,Hart,False,,,android,+541478010,SEA,SEA,,True,,,,,,,,8372334133345931,,,,,,,5068169570611873,,,,,,,,,6517927159441778,,,,,,,,5789746785215751,4637194834583827,2024-08-21
7717790081459768,8760504516773341,6594853744923149,6057360495578226,2013-07-06 23:40:00.000,,False,False,False,False,72452 Regina Loop,2803 Cook Views,,,,Howard,Tran,Sanders,,bowmanjeffrey@example.com,100000915924915.0,Michael,Baker,False,,,ios,+968720640,SAN,SAN,,False,,,,,,,,9651684426633051,,,,,,,5686415198086669,,,,,,,,,4429402359469533,,,,,,,,5663685900467351,2039667461014059,2024-08-21
4646815592606481,8112239950062634,6459448793863653,4640328362452352,2013-07-13 03:39:20.000,,False,False,False,False,7182 Andrew Bypass Apt. 880,07488 Clark Fort,,,,James,Cortez,Moore,1985-06-02 00:00:00.000,brandy42@test.com,576662216.0,David,Simpson,False,,,ios,+423514922,YTZ,YYZ,,False,,,,,,,,7498472056784211,,,,,,,1358221412064960,,,,,,,,,9261506673563614,,,,,,,,3666528060167168,3416901819268550,2024-08-21
7491369694229456,1957264822608160,6999273972761720,4862468997590703,2013-07-13 13:24:58.000,,False,False,False,False,8378 Christian Rue Apt. 925,44026 Ivan Bypass Suite 373,,,,Alexandra,Ochoa,Blackwell,,obaker@example.com,6406835.0,Jeremiah,Ortiz,False,female,,ios,+376536819,SAN,SAN,,False,,,,,,,,9830230894509830,,,,,,,9492215563003600,,,,,,,,,3474095988024600,,,,,,,,7515928553461845,5500406296236040,2024-08-21
5541995348974183,5397944145115863,5728274751760862,2379155437349410,2013-07-15 23:11:13.000,,False,False,False,False,8054 Ramirez Inlet Apt. 865,910 Hayes Mills Apt. 074,Chicago,IL,60622.0,Jesus,Thompson,Gonzalez,1982-11-03 00:00:00.000,osmith@demo.com,7707533.0,William,Johnson,False,female,,android,+880263078,CHI,CHI,,False,,,,,,,,5767012783348408,,,,,,,3245577971549227,,,,,,,,,4487857630379454,,,,,,,,7679017844371887,7348996440481132,2024-08-21
1148933254292028,3796548291109954,4448535967858621,7876869426832156,2013-07-16 03:23:06.000,2014-02-25 01:05:26.000,True,False,True,False,346 Vaughn Mill,84975 Jane Track Apt. 014,Minneapolis,MN,55409.0,Christina,Ward,Monroe,1988-03-11 00:00:00.000,frankmary@demo.com,680126884.0,Amanda,Ray,False,male,,ios,+583730618,MSP,MSP,,False,,,,,,,,6396314774621921,,,,,,,9521398287212650,,,,,,,,,6789806950473824,,,,,,,,2516197062573565,1215563471816958,2024-08-21
5482122765192220,3243072965401561,6230588023666581,6085526636188805,2013-07-17 11:55:13.000,,False,False,False,False,8421 Beverly Ville,538 Murray Brooks Apt. 154,,,,Tyler,Cooke,Diaz,,williskatrina@test.com,517184366.0,David,Dixon,False,,,ios,+348588921,IND,IND,,True,,,,,,,,3508386688099674,,,,,,,8492253857629726,,,,,,,,,9287493749303761,,,,,,,,8012297531076120,5776395182823182,2024-08-21
8799040877373623,7559843336092822,1216710361112102,5294755508568551,2013-07-17 15:11:16.000,,False,False,False,False,1613 Carlos Haven,113 Cannon Ways Apt. 602,,,,Daniel,Burke,Kidd,,patriciaallen@demo.com,,Suzanne,Rodriguez,False,female,,android,+866031677,CHI,CHI,,False,,,,,,,,5539763084111033,,,,,,,3275027975992171,,,,,,,,,5755668345478203,,,,,,,,1602668495555399,4035555890425158,2024-08-21
8612951746440673,9501616981719494,3690362340730467,3369385659390404,2013-07-19 12:49:35.000,,False,False,False,False,81762 Taylor Mountain,86950 Nicholas Lights,,,,Kristin,Cooper,Arnold,,barbaralee@test.com,781244530.0,Anthony,Carroll,False,,,ios,+740113861,,,,False,,,,,,,,7302353255984564,,,,,,,6116852420896701,,,,,,,,,1877734727558049,,,,,,,,7106916656156466,2040814768368828,2024-08-21
1884669526958007,7142859609779274,9254263697319854,2988256614703478,2013-07-21 01:25:24.000,,False,False,False,False,9733 Nelson Vista Apt. 053,673 Brian View Apt. 758,,,,Karen,Garner,Wright,,kristinamayer@mail.com,100003853614941.0,Jonathan,Reynolds,False,,,android,+455969861,,,,False,,,,,,,,4915552614285138,,,,,,,1321062582281051,,,,,,,,,9463627040884038,,,,,,,,9394610510098110,4324686896624697,2024-08-21
8722831566164057,3639911502127843,1881254872564222,3447135396016624,2013-07-23 23:19:24.000,,,False,False,False,907 Santiago Manor,39802 Gonzales Turnpike Apt. 745,,,,John,Brown,Stuart,,tevans@example.com,,Robin,Greer,False,,,windows,+352022465,DEN,DEN,,True,,,,,,,,3231684647502854,,,,,,,5609435614113303,,,,,,,,,9935249560457213,,,,,,,,2035061962544246,6930979326308527,2024-08-21
2142240000983710,6102366480006176,9746934341771239,8349288065988363,2013-07-24 03:23:31.000,,,False,False,False,9164 Rachel Shoal Apt. 750,29221 Wells Isle Suite 369,,,,Jerry,Morgan,Murphy,,zunigadebbie@demo.com,,James,Wright,False,,,ios,+472892281,SFO,SFO,,False,,,,,,,,3985655151021403,,,,,,,8185815782502760,,,,,,,,,5162920748594770,,,,,,,,5651873378810822,5306877719370065,2024-08-21
7376934638921080,4563135965589700,8780131995657707,7776462208025298,2013-07-27 17:23:49.000,,,False,False,False,13329 Turner Meadow,9605 Shah Isle Apt. 696,,,,Angela,Powell,Woods,,rebecca21@mail.com,,Christopher,Terry,False,,,android,+311433094,LAX,LAX,,False,,,,,,,,6850535026729387,,,,,,,3803567993404164,,,,,,,,,8906603082084119,,,,,,,,9701517607690521,3972850797416710,2024-08-21
2835709811267233,9226591579970648,6110943645437461,4914428248350875,2013-07-27 22:53:02.000,,False,False,False,False,4756 Jennifer Extension,405 Elizabeth Wells,San Diego,CA,92104.0,Marissa,Moore,Oconnell,1972-01-05 00:00:00.000,jose61@mail.com,1408591572.0,Melissa,Johnson,False,female,,ios,+410212766,SAN,SAN,,False,,,,,,,,9755744290558753,,,,,,,8299887528802929,,,,,,,,,3983768103163090,,,,,,,,7139539956455795,6120330326819632,2024-08-21
8529283006919630,2698425485704249,4320423511584987,5985494519296243,2013-07-30 12:53:49.000,,,False,False,False,01112 Dixon Center,67862 Richardson Throughway,,,,Melissa,Ross,Petersen,,yschneider@mail.com,,Patricia,Barton,False,,,ios,+685418383,YTZ,YYZ,,True,,,,,,,,8504652678488720,,,,,,,7216185196096704,,,,,,,,,4818314457272812,,,,,,,,2359849288047773,3307227844031889,2024-08-21
9934944618000465,5002847133496444,9777920499332945,2890576648535478,2013-07-30 16:12:05.000,,,False,False,False,390 James Falls,19266 Horn Lane,,,,Courtney,Benson,Green,,seanfischer@test.com,,Andrea,Crawford,False,,,ios,+673636598,MSP,MSP,,True,,,,,,,,1937097040429776,,,,,,,9984884392904293,,,,,,,,,7154472537716226,,,,,,,,6798877198578919,9831462827483307,2024-08-21
4834278765824947,4417333589581466,5552389160571604,3401879334485500,2013-08-02 00:55:51.000,,False,False,False,False,9437 Lindsey Fall Suite 857,605 Brittany Fall Apt. 581,,,,Joshua,Maxwell,Rodriguez,1984-12-18 00:00:00.000,edwardskatrina@example.com,1213226226.0,Christopher,Hickman,False,female,,android,+821935766,SEA,SEA,,False,,,,,,,,8735605940239935,,,,,,,9997496440148647,,,,,,,,,9078224903482899,,,,,,,,7424791526653720,4232411923206660,2024-08-21
5234115997218427,1790742251124558,1348210481834052,1968170970031885,2013-08-02 14:29:31.000,,,False,False,False,22547 Love Dam,1803 Edward Harbors Apt. 757,,,,Lisa,Proctor,Smith,,walterserin@test.com,,Stacy,Delgado,False,,,windows,+221080713,PHX,PHX,,True,,,,,,,,7485500875421334,,,,,,,9924063591768554,,,,,,,,,4540815953583709,,,,,,,,7093394183126521,9210024091733046,2024-08-21
8331503359979230,6885249295553342,5667849551743124,2979217146924441,2013-08-02 21:15:53.000,,,False,False,False,96670 Robert Unions,050 Cameron Greens Suite 499,,,,Anthony,Anderson,Velez,,steve51@test.com,,Jennifer,Bauer,False,,,android,+130123748,PHX,PHX,,True,,,,,,,,8783661153667908,,,,,,,9213938658278811,,,,,,,,,1227588994487651,,,,,,,,6507577715856729,3571314872761370,2024-08-21
1028514258962290,8986714044761886,1331044460325724,8480930132013785,2013-08-08 01:42:20.000,,False,False,False,False,011 Nelson Pine,92436 Dorothy Mountains Suite 107,,,,Laurie,Stark,Osborne,1986-04-11 00:00:00.000,meaganmendez@demo.com,1491826681.0,Maria,Johnson,False,,,ios,+262130321,DEN,DEN,,True,,,,,,,,4832250200972333,,,,,,,1481995641145921,,,,,,,,,2120551747867251,,,,,,,,2351435395613763,2177472362127013,2024-08-21
8429625179812670,9130488251210208,2624965891834389,3534039012572040,2013-08-08 18:06:56.000,,,False,False,False,1516 Phillips Turnpike,764 Douglas Radial Suite 367,,,,Sharon,Mason,Lopez,,dianaarnold@demo.com,,Chelsea,Alvarado,False,,,ios,+367020799,PHX,PHX,,True,,,,,,,,7297574688957982,,,,,,,7534863889288319,,,,,,,,,4692712150063586,,,,,,,,1863346596772063,8448865804087220,2024-08-21
8260784548957685,8152501891983001,1703873055850250,2131316259201872,2013-08-09 20:26:20.000,,,False,False,False,3920 Dixon Centers,47564 Hayes Glen Suite 779,,,,Taylor,Rodriguez,Hill,,obrienjames@example.com,,Emily,Waller,False,,,windows,+792840767,PHX,PHX,,True,,,,,,,,4381860753403484,,,,,,,2019085169406337,,,,,,,,,6090083076077498,,,,,,,,2424679134529961,1854051045555286,2024-08-21
2953870676481886,9405664968073580,6794118703734748,4839976040573214,2013-08-10 04:10:18.000,,,False,False,False,63132 Nicholas Spurs Suite 167,0352 James Locks Apt. 451,,,,John,Spencer,Huff,,stephenedwards@example.com,,Gabriel,Wolfe,False,,,android,+490739683,CHI,CHI,,True,,,,,,,,5876593509814399,,,,,,,2558905335284122,,,,,,,,,2338804946588327,,,,,,,,7025699509423631,9884499578976999,2024-08-21
6132052034769215,2273312881898013,8407479947847234,3384774778509470,2013-08-13 22:49:04.000,,False,False,False,False,2917 Ashley Ford Suite 975,578 Morgan Fort,,,,Sean,Medina,Ware,,jacobkemp@mail.com,100000410160082.0,Brian,Perry,False,,,android,+156326508,SAN,SAN,,False,,,,,,,,9333139092176047,,,,,,,9962233555165569,,,,,,,,,5340035486595096,,,,,,,,2890891042096763,4092008461904628,2024-08-21
6477133043661158,7453140207021416,8764350429660171,2965748690483338,2013-08-14 17:36:02.000,,,False,False,False,108 Andrew View,427 Richards Isle Suite 059,,,,Nicole,Davis,Rodriguez,,cindy54@example.com,,Jeffrey,Garcia,False,,,ios,+221720642,CHI,CHI,,True,,,,,,,,3787190677695293,,,,,,,1764792322354755,,,,,,,,,1213809912515560,,,,,,,,1202658970787374,6751879141130549,2024-08-21
5873559333324173,3422121544313518,8143476423282640,9757318055849307,2013-08-18 13:38:24.000,,False,False,False,False,2593 Williams Fork,361 Carly Mills Apt. 635,,,,Mark,Acosta,Alvarado,,fgriffin@example.com,1422000680.0,Amy,Richards,False,,,android,+797470404,ATL,ATL,,True,,,,,,,,3708245412232784,,,,,,,7609742987923562,,,,,,,,,2514833378737929,,,,,,,,3253446367548577,1099426166927975,2024-08-21
5799433749640093,2125524951359077,4441192956410829,8927378506490778,2013-08-18 15:45:16.000,,,False,False,False,090 Schmidt Turnpike Apt. 658,144 Thornton Divide Apt. 331,,,,Suzanne,Osborne,Sullivan,,robert77@test.com,,Chris,Delgado,False,,,windows,+419783054,ATL,ATL,,True,,,,,,,,8425358848456780,,,,,,,4611305467632138,,,,,,,,,2038423395331975,,,,,,,,6934855791242049,2606173654485487,2024-08-21
8481293010939358,3610689760352816,4085882803485048,3111646771480691,2013-08-20 17:27:31.000,,,False,False,False,29481 Ruiz Highway Suite 286,05805 Delgado Squares,,,,Tonya,Miller,King,,clarkernest@test.com,,Benjamin,Gutierrez,False,,,ios,+188957251,SFO,SFO,,False,,,,,,,,5006617703870565,,,,,,,9628421231644655,,,,,,,,,5004757822535360,,,,,,,,5430825718405231,5901534826171876,2024-08-21
7288864139729336,1411379923925907,5387817179385456,4378432196614470,2013-08-28 17:57:48.000,,False,False,False,False,46156 Jeffrey Walks,559 Hatfield Row Suite 115,,,,John,Smith,Krause,,greenryan@example.com,504907852.0,Alicia,Morales,False,,,android,+843000017,,,,False,,,,,,,,2074208326172939,,,,,,,4592752531900120,,,,,,,,,3895167023544549,,,,,,,,4078123776079561,7934950030601716,2024-08-21
3137562207405297,8903673772136982,4486512326742944,1085607396232199,2013-08-28 23:26:01.000,,False,False,False,False,833 Farrell Cape Apt. 406,612 Robbins Stravenue Suite 916,,,,Samuel,Macdonald,Hodge,1978-07-24 00:00:00.000,christine97@example.com,1377679905.0,William,Green,False,female,,ios,+909950907,CHI,CHI,,True,,,,,,,,3176097494834156,,,,,,,8686389730720809,,,,,,,,,4299570783526771,,,,,,,,3507541150197557,1140916416380399,2024-08-21
6505126534342646,3972362474541251,8954970465340270,8802310799541401,2013-08-29 17:33:48.000,,False,False,False,False,3748 Davis Cape Suite 612,23261 Laura Fords Apt. 505,,,,Kimberly,Lynch,Quinn,1989-09-15 00:00:00.000,ericdaniels@example.com,1419476940.0,Leah,Johnson,False,male,,ios,+902161693,ATL,ATL,,False,,,,,,,,2410688573908992,,,,,,,9952045380466048,,,,,,,,,3741738210390274,,,,,,,,4179478569349592,9685573248513146,2024-08-21
3802442041598594,3024696476651679,5653223128820118,1799386507412398,2013-08-31 19:47:48.000,,,False,False,False,09177 Scott Land,12410 Lance Square,,,,Jeremy,Contreras,Farley,,richardgriffin@demo.com,,George,Gould,False,,,android,+580349999,,,,False,,,,,,,,6225572842374648,,,,,,,6557947051584963,,,,,,,,,7291545127490526,,,,,,,,7094723659502703,3658639109695170,2024-08-21
5409052418460763,9602943541915328,6694753952899281,3540579693661619,2013-09-03 18:40:37.000,,False,False,False,False,83652 Jackson Meadows Suite 207,23689 Hardy Pine Apt. 461,,,,Rhonda,Ballard,Leon,1984-08-27 00:00:00.000,michaelsmith@mail.com,,Russell,Booth,False,unknown,,blackberry,+207378994,ATL,ATL,,True,,,,,,,FLEXDRIVE,2268537452219251,,,,,,,8679895692838528,,,,,,https://www.company.com/drive-with-company?ref=ATL50010030ABCDP&region=ATL&utm_source=indeeda&adgroup=ATL&utm_content=54942769643_indeed&adname=NA_NA_company-driver_NA_NA&utm_campaign=PAID_DAX_JB_US_ATL_WEB_NA&region=ATL&_ccid=171970502155919ql0tctg,,,9979295847282873,,,,,,,,9122107269722079,4345369936248011,2024-08-21
6680893379125064,9400372079446900,4715398530486872,6539357532317862,2013-09-05 21:57:26.000,,,False,False,False,4278 Tate Streets Apt. 489,3464 Beasley Branch Suite 111,,,,Christopher,Wiggins,Long,,kyledavis@test.com,,Rebecca,Wilson,False,,,android,+632017463,ATL,ATL,,True,,,,,,,,9629328622550453,,,,,,,6695389657994511,,,,,,,,,5657728864167267,,,,,,,,3320190024576985,6773173058164063,2024-08-21
6927490180136087,5078648505546768,7192438260176432,1727986814410611,2013-09-09 03:01:42.000,,False,False,False,False,8475 Melvin Branch,06207 Mcgee Extension Apt. 491,,,,Kara,Davis,Meyer,,idominguez@mail.com,100000863107088.0,Lauren,Duarte,False,,,ios,+903215810,LAX,LAX,,False,,,,,,,,7400202294818072,,,,,,,4612948157895454,,,,,,,,,8088275274734052,,,,,,,,4667908666957919,7516245675615579,2024-08-21
5371731479737815,9665002487961384,1121996025053644,9253098861572164,2013-09-09 17:30:55.000,,False,False,False,False,43262 Diaz Shoals Suite 002,5642 Banks Viaduct Suite 800,,,,Chad,Butler,Singleton,,juanrobertson@test.com,100006139652024.0,Mary,Garcia,False,,,android,+627006728,,,,False,,,,,,,,7858327433681875,,,,,,,5050610979178835,,,,,,,,,1448505528938017,,,,,,,,7074349095158354,7582556654288527,2024-08-21
2501735188943984,2702683518091043,9555932647052971,1305381059474701,2013-09-12 13:43:03.000,,,False,False,False,65872 Sarah Dam,887 Jeremy Drive,,,,Mark,Hart,Jefferson,,tracie89@example.com,,Christina,Sullivan,False,,,ios,+659808979,LAX,LAX,,True,,,,,,,,9314903407062625,,,,,,,8930683198991086,,,,,,,52.6.44.185,,4389585604290775,,,,,,,,4645925882321195,9290029308940477,2024-08-21
9017030856237013,5881069019851935,8836160034296917,2036226808978495,2013-09-12 15:24:31.000,,False,False,False,False,921 John Center,91938 Williams Corners,,,,Max,Stone,Castro,1975-06-16 00:00:00.000,ptaylor@test.com,100000371520360.0,Patrick,Torres,False,male,,android,+522336770,CHI,CHI,,True,,,,,,,,9933845691116440,,,,,,,2082075340406975,,,,,,,10.0.0.135,2018-05-09 20:13:48.564,3768700793716953,DRIVERREFERRALBONUS200,GIVI1,20000.0,20000.0,20.0,20.0,30.0,7372058784686224,8345896105179362,2024-08-21
8402803554039200,3883318538991099,8566823538663681,2179251070505127,2013-09-12 20:33:20.000,2019-12-02 13:18:27.088,True,False,True,False,36608 Vincent Crossroad,39113 Lamb Keys Suite 811,Las Vegas,NV,89149.0,Elizabeth,Robinson,Harrison,1967-01-15 00:00:00.000,wardjacob@mail.com,1687023844.0,Betty,Bryant,False,male,,android,+981099108,LAS,LAS,True,False,,,,,,,,7420596275539706,,,,,,,7771400746175419,,,,,,,,,9491732936065977,,,,,,,,2620103969416647,6782988862388719,2024-08-21
2286668804376078,1789752513336190,8052162494421583,7564656707532708,2013-09-13 03:52:14.000,,,False,False,False,1694 Hunter Track,456 Rebecca Pass Suite 870,,,,Amanda,Caldwell,Mercado,,blarson@mail.com,,Lisa,Evans,False,,,ios,+487392544,DFW,DFW,,True,,,,,,,,4258120275273271,,,,,,,1402603843469803,,,,,,,,,2849416926080785,,,,,,,,5032925588473516,8383595902272408,2024-08-21
4186997417764596,8944992894973238,2512885219261514,5199966312679903,2013-09-15 03:55:09.000,,,False,False,False,074 Rodney Plain Apt. 903,121 Peter Dam,,,,James,Rivera,Stevens,,qleblanc@mail.com,,Sharon,Bush,False,,,android,+981641269,SEA,SEA,,True,,,,,,,,3955715998187225,,,,,,,7673352178311501,,,,,,,,,8938837791127978,,,,,,,,9226119692924364,3259727132697346,2024-08-21
7989201395069314,2735848361521727,2988911777662663,5749553323816375,2013-09-15 04:38:17.000,,False,False,False,False,519 Melissa Harbors,0723 Joshua Knoll Suite 787,southlake,TX,76092.0,Julie,Jones,Davis,1951-09-13 00:00:00.000,vfuentes@example.com,,Sherry,Bailey,False,,,blackberry,+283863804,DFW,DFW,,False,,,,,,,,1240063815361716,,,,,,,1896091341349916,,,,,,,52.0.204.110,,9668749345606869,,,,,,,,6676558205283794,8712788931628932,2024-08-21
1702212367735685,6614596373110139,8130286168121717,6910777502486175,2013-09-15 16:55:39.000,,False,False,False,False,2126 Little Club Suite 815,507 Steven Plaza,,,,Kathleen,Dudley,Jenkins,,molinajessica@mail.com,100006474643716.0,Robert,Flores,False,,,ios,+167952323,PHX,PHX,,False,,,,,,,,3292029931714239,,,,,,,8622223472562534,,,,,,,,,3211111847925979,,,,,,,,2286491433447296,8807479299758375,2024-08-21
8899178479090404,3506827420242643,4006966734487924,4988548273719311,2013-09-15 18:25:11.000,,False,False,False,False,122 Conley Mission Suite 037,106 Mitchell Brook,,,,Stephanie,Gonzalez,Jenkins,,zrobinson@demo.com,100000559093023.0,David,Martin,False,,,ios,+510072010,DEN,DEN,,False,,,,,,,,8834795660581948,,,,,,,5737849284918839,,,,,,,,,1603175517418000,,,,,,,,2476516071442327,6235490107436636,2024-08-21
7374164944785612,8262765024598772,6275968064370579,5646100416924144,2013-09-18 02:10:42.000,,,False,False,False,6972 Charles Skyway Apt. 004,01323 Cheryl Unions Apt. 424,,,,Amy,Lewis,Good,,reyesangie@example.com,,Heather,Gray,False,,,ios,+620197692,BWI,BWI,,True,,,,,,,,3240326628919462,,,,,,,6384853931947645,,,,,,,,,7282965386755949,,,,,,,,9643622652810298,3912067305618954,2024-08-21
1435807955166927,9455295807997082,1233709190404808,3018160199024565,2013-09-18 10:44:15.000,,,False,False,False,8485 Andrews Meadow Suite 285,180 Craig Cliff,,,,Patrick,Smith,Lewis,,martinbenjamin@mail.com,,Darlene,Smith,False,,,ios,+677384492,CLT,CLT,,True,,,,,,,,3815651116679214,,,,,,,2165998068194311,,,,,,,,,1736776697562017,,,,,,,,4120736170246480,2034002519395816,2024-08-21
7930483731377239,9567206779115782,3830730733117748,3375047866286716,2013-09-19 23:14:27.000,,,False,False,False,08128 Harris Rest Suite 578,8753 Williams Tunnel,,,,Justin,Patton,Kim,,daniellebuck@test.com,,Sheila,Wood,False,,,android,+702365993,PHX,PHX,,True,,,,,,,,9455362531253141,,,,,,,3974384030967829,,,,,,,,,4534952988649312,,,,,,,,7759045962987002,4553428512770578,2024-08-21
1518142782476408,6228223340210229,6184571854926336,5857700933206450,2013-09-19 23:49:14.000,,,False,False,False,3949 Amy Dale Suite 974,665 Goodman Squares Apt. 594,,,,Maria,Novak,Sutton,,chasenelson@test.com,,Kayla,Sims,False,,,android,+670637302,MEM,MEM,,False,,,,,,,,2080808378999993,,,,,,,8092496020639941,,,,,,,,,4012952502115617,,,,,,,,8933734794149953,4136344455781251,2024-08-21
5821647517999985,2507238160126791,7189500725367921,2237726773705184,2013-09-20 06:37:56.000,,False,False,False,False,7379 Ryan Court,657 Samantha Stream,,,,Timothy,Carter,Smith,,patrick40@example.com,782150388.0,Cynthia,Hamilton,False,,,android,+327184217,LAX,LAX,,False,,,,,,,,2381460872487725,,,,,,,8884922101599730,,,,,,,,,4532644916706926,,,,,,,,6019997926388440,3827656846551368,2024-08-21
4075550584563730,8791922398969704,7810544670714320,9911835267506171,2013-09-20 07:07:00.000,,False,False,False,False,6408 Zachary Crossroad,881 Santos Alley Apt. 816,,,,Matthew,Adams,Peterson,,delacruzallison@test.com,1508089759.0,Selena,Williams,False,,,ios,+516931660,SAN,SAN,,True,,,,,,,,4742317531210927,,,,,,,5446216818614503,,,,,,,,,9158377786900335,,,,,,,,4386277034286222,6938925868376898,2024-08-21
8901183607381529,7783235601867855,1033302226415303,5874151495524349,2013-09-20 18:08:42.000,2014-10-02 23:18:48.000,True,False,True,False,7896 Perez Stravenue,9593 Smith Mills,FREMONT,CA,94538.0,Pamela,Smith,Cain,1943-03-31 00:00:00.000,wheelerhailey@demo.com,,Dana,Randolph,False,male,,android,+131051660,SFO,ABQ,,False,,,,,,,,9018539128973356,,,,,,,4374622539412780,,,,,,,54.164.78.96,,4163590265584254,,,,,,,,7239322360049225,1726747435237114,2024-08-21
4150205685887069,2182238520982118,8297592864144837,9914165719487730,2013-09-22 12:57:24.000,2013-10-23 17:19:32.000,True,False,False,True,7579 Anderson Islands,1866 Monroe Pike,Decatur,GA,30034.0,John,Phillips,Blair,1975-12-18 00:00:00.000,robin41@mail.com,737920644.0,Valerie,James,False,male,,android,+551086993,ATL,ATL,,False,,,,,,,,4119121768550915,,,,,,,4201010056935775,,,,,,,,,5691666854165086,,,,,,,,2764121281661035,2809493260155656,2024-08-21
1079633767373445,5505492750154246,8419620329985402,7091739468101543,2013-09-22 14:54:37.000,,False,False,False,False,97467 Gillespie Expressway Suite 862,6020 Robbins Row,Sunnyvale,CA,94086.0,Tammy,Bishop,Adams,1984-12-15 00:00:00.000,owelch@test.com,100000754515957.0,Michael,Strong,False,male,,ios,+269804880,SJC,SJC,,False,,,,,,,,7320404628474800,,,,,,,2048728513898839,,,,,,,,,4682211983283413,,,,,,,,5745898767388412,4829280077609177,2024-08-21
8049411473897961,6059131924324351,1322346659277427,4995666482963108,2013-09-22 22:28:47.000,,False,False,False,False,3956 Jon Vista,1085 David Mount Suite 566,,,,Shirley,Thomas,Richardson,,cookbenjamin@example.com,100002814078855.0,Linda,Schaefer,False,,,android,+446411285,CHI,CHI,,False,,,,,,,,3473885553490788,,,,,,,8281705310587574,,,,,,,,,2490510654012636,,,,,,,,8277432471603954,2135036253129688,2024-08-21
3898867316226841,4886516110617836,3620037102658507,5368568257446895,2013-09-23 03:57:56.000,,False,False,False,False,092 Orr Walks Suite 847,400 Mitchell Corner Suite 495,,,,Matthew,Rivera,Jones,1944-09-29 00:00:00.000,stanleygood@example.com,100002826406879.0,Laura,Ray,False,male,,ios,+221250708,DCA,DCA,,False,,,,,,,,1642004914724100,,,,,,,2586261921894386,,,,,,,,,2292136528590089,,,,,,,,4163456634924070,5803485720382726,2024-08-21
7517613714351717,3630978645160177,9117341249656097,1456101951588216,2013-09-24 03:47:45.000,,False,False,False,False,02500 Mcpherson Course Suite 867,598 Raymond Alley,Murfreesboro,TN,37129.0,Tony,Burgess,Jones,1964-11-19 00:00:00.000,amiller@example.com,,Anne,Gibson,False,male,False,android,+944564568,BNA,BNA,,False,,,,,,,,4734540820657176,,,,,,,1017605095545294,,,,,,,99.3.91.100,,3825766255410207,,,,,,,,4470153241199455,8352248744599529,2024-08-21
7922353724984560,2202550699638691,9912375821644867,9697929750238768,2013-09-24 04:46:24.000,,,False,False,False,3677 Grant Fork Apt. 998,5207 Steele Point,,,,Juan,Williams,Archer,,andersonjennifer@test.com,,Becky,Sandoval,False,,,blackberry,+280550537,DFW,DFW,,True,,,,,,,,1959915069798080,,,,,,,2128488613280749,,,,,,,,,6053451466075690,,,,,,,,5807278599930506,3425508489401241,2024-08-21
6301308717821176,3504855990040993,6433510539387120,4245830008802064,2013-09-24 23:27:53.000,,False,False,False,False,1266 Hayley Overpass,3798 Amy Summit Suite 160,,,,Michael,Morton,Simmons,1990-11-24 00:00:00.000,vmartinez@demo.com,1243620027.0,Nicholas,Munoz,False,female,,android,+311526345,LAX,LAX,,False,,,,,,,,1731958138181887,,,,,,,9068035998863274,,,,,,,,,9534011241975899,,,,,,,,8850031420256401,4989433752038721,2024-08-21
2788071839736505,4561594339444286,9322174142592946,8631668264507461,2013-09-26 22:42:46.000,,,False,False,False,26496 Fields Station,88139 Martinez Roads Suite 181,,,,Tina,Stanley,Skinner,,gphillips@mail.com,,Jennifer,Hopkins,False,,,android,+570116407,ABQ,ABQ,,False,,,,,,,,1338861510164328,,,,,,,3828711288232889,,,,,,,,,7731113979758415,,,,,,,,3970461391291661,8631400855259522,2024-08-21
1361779866975334,6183505393198047,5722595111967536,3313099965896211,2013-09-27 21:26:27.000,,,False,False,False,6287 Turner Springs,4086 Brown Isle Suite 788,,,,Adam,Roth,Lopez,,jorgesmith@example.com,,Emily,Paul,False,,,android,+878741056,OCX,OCX,,False,,,,,,,,5970270309564563,,,,,,,1409273695838125,,,,,,,,,5444378192984337,,,,,,,,9381675301385797,3943887921324982,2024-08-21
2322649341220205,1207143107753662,1272177799618868,8969233851059363,2013-09-30 21:01:18.000,,,False,False,False,0161 Marsh Square Suite 325,18527 Eric Falls,,,,Joy,Sanchez,Odom,,jessicawillis@example.com,,Matthew,Montgomery,False,,,android,+689013328,MEM,MEM,,False,,,,,,,,4045239105835177,,,,,,,3299850882966130,,,,,,,,,5469698652737574,,,,,,,,4377789777278317,2268241721010585,2024-08-21
2600123187703768,4854109164956818,5036001764220829,1411753119061060,2013-10-01 03:32:58.000,,,False,False,False,88643 Austin Common Apt. 663,1410 Morris Path,,,,Christopher,Richardson,Burton,,laguirre@demo.com,,Gina,Rosales,False,,,blackberry,+582816887,ABQ,ABQ,,False,,,,,,,,2586192819490551,,,,,,,7915798995562955,,,,,,,,,5472468782776951,,,,,,,,3828769300210040,8544360539230839,2024-08-21
9877891760689749,8972323904722164,8158149048839406,1888569379405465,2013-10-01 17:50:16.000,,False,False,False,False,388 Paul Cliff Suite 944,6515 Cherry Island Apt. 826,,,,Sheila,Watts,Green,,jamie29@demo.com,508797913.0,Jason,Douglas,False,,,ios,+262781074,STL,STL,,True,,,,,,,,9434899145205468,,,,,,,5126210323197558,,,,,,,,,2552382489474792,,,,,,,,7375352718903086,1083571601083351,2024-08-21
2448568765076903,4387397195935857,3173963984408478,5534875956500637,2013-10-02 07:17:42.000,,False,False,False,False,5512 Robinson Avenue,5026 Jacob Ridge Apt. 420,,,,Matthew,Bond,Stokes,,kellymueller@example.com,100001606264000.0,Michael,Clayton,False,,False,android,+471948129,IND,IND,,True,,,,,,,,2369566439570063,,,,,,,6153339091329381,,,,,,,174.241.97.51,,3240602623537380,,,,,,,,5767174516786611,2120562462569709,2024-08-21
9675767752274580,9678306340820981,4828129020102216,1046970388399112,2013-10-03 14:45:12.000,2015-03-13 02:06:55.000,True,False,False,True,46120 Ryan Row Apt. 098,5063 Wilkins Gardens Apt. 398,Greenville,SC,29607.0,Jennifer,Black,Erickson,1987-08-02 00:00:00.000,samantha14@mail.com,611814887.0,Lisa,Allen,False,male,False,ios,+541879852,GSP,OCX,,False,,,,,,,,9401156596835871,,,,,,,6527359542395933,,,,,,,173.58.108.188,,3122372663664810,,,,,,,,1059130213549099,5818254392637117,2024-08-21
1079511436041626,5171679339244339,8616579696532251,9107105904280009,2013-10-03 20:49:05.000,,,False,False,False,6425 Hayley Plain,188 Stacey Viaduct,,,,Michael,Grant,Fox,,eric77@example.com,,Ronald,Garcia,False,,,ios,+652467164,MEM,MEM,,False,,,,,,,,6642470019808626,,,,,,,8286745001477942,,,,,,,75.64.123.185,,5407980215168257,,,,,,,,4231484573743540,9567870368391961,2024-08-21
8908789890247875,2668946201120461,3257310306145599,1520047630801559,2013-10-04 00:49:31.000,,False,False,False,False,4851 Nunez Canyon Apt. 280,15606 Jordan Shoals Apt. 630,Charlotte,NC,28210.0,Dana,Dean,Fields,1965-08-10 00:00:00.000,jonesbarry@mail.com,545151552.0,Mary,Wilkinson,False,female,False,ios,+944439497,CLT,CLT,,False,,,,,,,,7001714339738393,,,,,,,6818814907557873,,,,,,,108.75.67.77,,3759204797705893,,,,,,,,8981579426224636,2184431599915698,2024-08-21
5788003412685337,6596390247523230,4139416798724911,9460016132302290,2013-10-04 07:16:55.000,,False,False,False,False,08142 Rivera Park Apt. 638,1715 Joshua Lock Suite 949,,,,Joyce,Garcia,Anthony,,timothy05@mail.com,641700229.0,Heather,Gardner,False,,True,android,+149488078,SFO,SFO,,True,,,,,,,,8069495204982122,,,,,,,8800983993311047,,,,,,,50.0.151.6,,6718677562442031,,,,,,,,6293434234660856,9197867296210896,2024-08-21
7228959854434106,9394160923032179,1968411461668780,4258864925465429,2013-10-04 21:53:03.000,,False,False,False,False,5994 Tanner Rest,39286 Billy Spur,torrance,CA,90503.0,Tracey,Smith,Robinson,1971-08-28 00:00:00.000,charleswall@test.com,,Sherry,Guzman,False,male,False,android,+835228453,LAX,LAX,,False,,,,,,,,6371087281507080,,,,,,,9242426230407489,,,,,,,172.248.241.204,,6953595528084987,,,,,,,,8555514506528260,1146698109844958,2024-08-21
4153296513514615,6675113051609676,2635609076115055,6552584578544631,2013-10-04 22:29:41.000,,,False,False,False,2862 Richard Corner,98725 Smith Camp,,,,Frances,Alexander,Hughes,,ngoodman@demo.com,,Kathryn,Bond,False,male,,ios,+579627557,OCX,OCX,,False,,,,,,,,7164435424817988,,,,,,,8210418148431763,,,,,,,172.251.252.132,,6932601598514440,,,,,,,,7107481768254118,7415000169347044,2024-08-21
5410872287936535,9015289961429834,6432081037244216,9023133277099066,2013-10-05 15:54:13.000,,False,False,False,False,55369 Reyes Lakes Suite 381,7231 Mark Forges,,,,Cody,Diaz,Hanna,1978-07-05 00:00:00.000,harpershawn@test.com,1435387237.0,Rebecca,Gibson,False,,False,ios,+686454978,PHI,PHI,,False,,,,,,,,1461524249076581,,,,,,,3145101600612360,,,,,,,172.56.3.182,,9143845055670430,,,,,,,,5180015859703654,6151976210125569,2024-08-21
6511298029829524,7971837836323071,1649059877705507,6566914279398564,2013-10-05 23:48:57.000,,False,False,False,False,70107 Martin Parkways Apt. 878,041 Bartlett Village,,,,Samantha,Armstrong,Nguyen,1988-10-31 00:00:00.000,alfred46@mail.com,100001122635175.0,Stacey,Swanson,False,male,False,ios,+596822786,ATL,ATL,,False,,,,,,,,8232150501655240,,,,,,,2155795616648063,,,,,,,74.190.141.235,,8281243249173446,,,,,,,,3124642105218436,7117317158938895,2024-08-21
1163751445773454,5261909394617912,7018153658480849,4539062187827520,2013-10-07 01:22:50.000,2021-08-19 19:26:00.055,True,False,True,False,716 Green Springs,19880 Butler Field Apt. 145,ANN ARBOR,MI,48104.0,Gabrielle,Meyers,Smith,1987-05-21 00:00:00.000,gwilliams@test.com,1312379.0,Sherri,Moody,False,female,False,ios,+224568724,DTW,DTW,,False,,,,,,,,3414137974264520,,,,,,,6784465336214654,,,,,,,198.228.220.254,,6732418651002453,,,,,,,,1707552749484802,8039470129989335,2024-08-21
